{
  "mean": [
    0.29819320388349513,
    0.22408252427184464,
    0.041804993065187236,
    0.3814147018030513,
    0.010635506241331485,
    0.018289320388349514,
    0.0,
    -1.3192787794729544,
    3.4756033287101245,
    -73.44438280166436,
    -59.90420249653259,
    0.036061026352288486,
    0.11927877947295423,
    1596.464071226075,
    0.00020643550624130645,
    0.00016348127600554485,
    -0.008561719833564397
  ],
  "std": [
    0.029560376089184336,
    0.08819330914426944,
    0.08247811933624613,
    0.564938297668167,
    0.015641691463680264,
    0.03326926975989157,
    1.0,
    5.317097278994725,
    11.465980566453101,
    44.42209966789932,
    60.6864317113044,
    0.18644202511962812,
    0.32411626346173467,
    1232.3475025595294,
    0.010438143081204849,
    0.026639213708756514,
    1.5685164848513078
  ],
  "feature_cols": [
    "ear_mean",
    "ear_min",
    "perclos",
    "blink_count",
    "mar_mean",
    "mar_max",
    "yawn_flag",
    "pitch_mean",
    "pitch_var",
    "yaw_mean",
    "roll_mean",
    "nod_detected",
    "head_droop",
    "head_var",
    "ear_mean_slope",
    "perclos_slope",
    "pitch_mean_slope"
  ]
}